Descrição,Preço Antigo,Preço Promocional,Origem,Mercado
Cerveja Brahma Zero Álcool Lata 350ml,"De R$ 5,49 por","R$ 4,49 un",Web Scraping,Rena
Toalha de Papel Snob Decora 2 Rolos 60 Unid Cada,"De R$ 6,99 por","R$ 5,98 un",Web Scraping,Rena
Vinho Argentino Tinto Seco Latitud 33º Malbec Mendoza Garrafa 750ml,"De R$ 69,90 por","R$ 54,99 un",Web Scraping,Rena
Vinho Argentino Tinto Seco Latitud 33º Cabernet Sauvignon Mendoza Garrafa 750ml,"De R$ 69,90 por","R$ 54,99 un",Web Scraping,Rena
Vinho Argentino Branco Seco Latitud 33º Chardonnay Mendoza Garrafa 750ml,Preço não disponível,"R$ 54,99 un",Web Scraping,Rena
Bombom Ferrero Rocher 100g,"De R$ 26,99 por","R$ 21,90 un",Web Scraping,Rena
Antitranspirante Aerossol Nivea Invisible For Black & White Clear 150ml,"De R$ 14,99 por","R$ 12,99 un",Web Scraping,Rena
Antitranspirante Aerossol Active Dry Nivea Men Impact 150ml,"De R$ 14,99 por","R$ 12,99 un",Web Scraping,Rena
Tempero Pó Para Massas Manjericão Orégano E Cúrcuma Mais Sabor Kitano Pacote 60g 12 Unidades,"De R$ 3,99 por","R$ 3,49 un",Web Scraping,Rena
Pessego Nacional Kg,"De R$ 11,99 por","R$ 9,98 kg",Web Scraping,Rena
"Saco Para Lixo Bye, Bye 15l Com 20 Unidades","De R$ 5,49 por","R$ 3,99 un",Web Scraping,Rena
Vinho Chileno Tinto Seco Reserva Casillero Del Diablo Cabernet Sauvignon Valle Central Garrafa 750ml,"De R$ 59,85 por","R$ 49,99 un",Web Scraping,Rena
Vinho Chileno Branco Seco Reserva Casillero Del Diablo Sauvignon Blanc Garrafa 750ml,"De R$ 64,99 por","R$ 49,99 un",Web Scraping,Rena
Farinha Mandioca Acigal 1kg,"De R$ 6,48 por","R$ 5,49 un",Web Scraping,Rena
Ameixa Nacional Kg,"De R$ 19,99 por","R$ 13,98 kg",Web Scraping,Rena
Cha de Dentro Bovina,Preço não disponível,"R$ 44,99 kg",Web Scraping,Rena
"Agua Mineral Viva 1,5l","De R$ 2,89 por","R$ 2,69 un",Web Scraping,Rena
Bebida Mista Alcoólica Gaseificada Limão Clássico Smirnoff Ice Garrafa 275ml,"De R$ 8,59 por","R$ 8,25 un",Web Scraping,Rena
Pao Rena Lua de Mel Recheado,"De R$ 49,90 por","R$ 39,90 kg",Web Scraping,Rena
Pao Rena Cebola,"De R$ 39,99 por","R$ 12,90 kg",Web Scraping,Rena
"Tempero Pó Para Aves Cebola, Coentro E Cominho Mais Sabor Kitano Pacote 60g 12 Unidades","De R$ 3,99 por","R$ 3,49 un",Web Scraping,Rena
Água Tônica Antarctica Lata 350ml,"De R$ 3,99 por","R$ 3,79 un",Web Scraping,Rena
Cenoura Vermelha,"De R$ 3,99 por","R$ 2,98 kg",Web Scraping,Rena
Limao,"De R$ 6,99 por","R$ 4,98 kg",Web Scraping,Rena
Tempero Pó Nordestino Kitano Mais Sabor Pacote 60g 12 Unidades,"De R$ 3,99 por","R$ 3,49 un",Web Scraping,Rena
Óleo Sinhá Milho Pet 900ml,"De R$ 14,99 por","R$ 12,98 un",Web Scraping,Rena
Uva Passas Argentina Escura Kg,Preço não disponível,"R$ 31,49 kg",Web Scraping,Rena
Coxa/Sobrecoxa Frango Kg Resf.Inter F.,"De R$ 14,99 por","R$ 11,99 kg",Web Scraping,Rena
Licor Fino Cream & Marula Spirit Amarula Garrafa 750ml,Preço não disponível,"R$ 119,99 un",Web Scraping,Rena
Linguica Aurora Churrasco Kg,"De R$ 19,98 por","R$ 18,90 kg",Web Scraping,Rena
Bala Fini Gelatinas Amoras 100g,"De R$ 8,99 por","R$ 6,99 un",Web Scraping,Rena
Molho de Tomate Fugini Sachê 300g Tradicional,"De R$ 1,99 por","R$ 1,48 un",Web Scraping,Rena
File Peito Frango Congelado Kg,"De R$ 19,99 por","R$ 17,98 kg",Web Scraping,Rena
Cappuccino Solúvel Chocolate 3 Corações Pote 200g,"De R$ 16,99 por","R$ 15,99 un",Web Scraping,Rena
Vassoura Phenix Santa Maria,"De R$ 18,99 por","R$ 14,99 un",Web Scraping,Rena
Água Sanitária Marina 2l,Preço não disponível,"R$ 4,99 un",Web Scraping,Rena
Meio Da Asa de Frango Congelada Sadia 1kg,Preço não disponível,"R$ 24,99 un",Web Scraping,Rena
Antitranspirante Aerossol Nivea Protect & Care 150ml,"De R$ 14,99 por","R$ 12,99 un",Web Scraping,Rena
Antitranspirante Aerossol Nivea Men Invisible For Black & White 150ml,"De R$ 14,99 por","R$ 12,99 un",Web Scraping,Rena
Antitranspirante Aerossol Sem Perfume Nivea 150ml,"De R$ 14,99 por","R$ 12,99 un",Web Scraping,Rena
Vinho Brasileiro Tinto Seco Reserva Miolo Cabernet Sauvignon Campanha Garrafa 750ml,"De R$ 88,90 por","R$ 69,99 un",Web Scraping,Rena
Espumante Brasileiro Branco Demi-Sec Riche Chandon Riesling Itálico Chardonnay Pinot Noir Serra Gaúcha Garrafa 750ml,"De R$ 94,99 por","R$ 89,99 un",Web Scraping,Rena
Fondue de Queijo Tradicional São Vicente Caixa 400g,"De R$ 36,99 por","R$ 13,99 un",Web Scraping,Rena
Whisky Jim Beam 1l White Bourbon,"De R$ 114,90 por","R$ 99,99 un",Web Scraping,Rena
Alcatra Saudali Kg Suina Temperada,"De R$ 32,98 por","R$ 28,99 kg",Web Scraping,Rena
Hamburguer Hot Hit Seara Cheddar E Bacon 145g,"De R$ 6,99 por","R$ 5,99 un",Web Scraping,Rena
Cerveja Pilsen Kaiser Lata 473ml,"De R$ 3,69 por","R$ 3,48 un",Web Scraping,Rena
Castanha Caju W1 200g,Preço não disponível,"R$ 125,98 kg",Web Scraping,Rena
"Saco Para Lixo Bye, Bye 30l Com 10 Unidades","De R$ 5,49 por","R$ 3,99 un",Web Scraping,Rena
Saco Lixo Bye Bye 100lt C 5un,"De R$ 5,49 por","R$ 3,99 un",Web Scraping,Rena
Whisky Chivas Regal 12anos 1lt,Preço não disponível,"R$ 149,99 un",Web Scraping,Rena
Vinho Chileno Tinto Seco Reserva Casillero Del Diablo Pinot Noir Garrafa 750ml,"De R$ 64,99 por","R$ 49,99 un",Web Scraping,Rena
Espumante Brasileiro Rosé Brut Chandon Pinot Noir Riesling Itálico Chardonnay Serra Gaúcha Garrafa 750ml,Preço não disponível,"R$ 99,99 un",Web Scraping,Rena
Azeite de Oliva Extra Virgem Clássico Português Gallo Vidro 250ml,"De R$ 31,49 por","R$ 28,98 un",Web Scraping,Rena
Espumante Brasileiro Rosé Demi-Sec Passion Chandon Serra Gaúcha Garrafa 750ml,Preço não disponível,"R$ 99,99 un",Web Scraping,Rena
Vinho Português Tinto Seco Casal Garcia Tinta Roriz Touriga Nacional Lisboa Garrafa 750ml,"De R$ 64,99 por","R$ 58,99 un",Web Scraping,Rena
Iogurte Integral Grego Morango + Maracujá Apreciare Bandeja 540g 6 Unidades,"De R$ 12,49 por","R$ 6,99 un",Web Scraping,Rena
Creme Dental Menta Suave Oral-B 1-2-3 Caixa 70g,"De R$ 2,89 por","R$ 2,39 un",Web Scraping,Rena
Polvilho Azedo Amafil 1kg,"De R$ 11,99 por","R$ 9,99 un",Web Scraping,Rena
Vinho Argentino Tinto Seco Reserve Trivento Malbec Mendoza Garrafa 750ml,"De R$ 79,90 por","R$ 49,99 un",Web Scraping,Rena
Vinho Português Rosé Meio Seco Casal Garcia Vinho Verde Garrafa 750ml,"De R$ 64,99 por","R$ 58,99 un",Web Scraping,Rena
Espumante Perini 750ml Moscatel Ast,"De R$ 54,90 por","R$ 49,99 un",Web Scraping,Rena
Escova Dental Macia Colgate Classic Clean 3 Unidades,"De R$ 16,79 por","R$ 15,89 un",Web Scraping,Rena
Castanha Para S/Casca 200g,"De R$ 111,98 por","R$ 110,99 kg",Web Scraping,Rena
Amendoim Torrado E Salgado 250g,Preço não disponível,"R$ 50,49 kg",Web Scraping,Rena
File Peito Frango Resfriado Kg,"De R$ 24,99 por","R$ 22,99 kg",Web Scraping,Rena
Bolinho Rena Queijo/Presunto Kg,"De R$ 39,90 por","R$ 34,90 kg",Web Scraping,Rena
Bala Fini Dentaduras 100g,"De R$ 8,99 por","R$ 6,99 un",Web Scraping,Rena
Pao Rena Batata,"De R$ 44,90 por","R$ 12,90 kg",Web Scraping,Rena
Pao Rena Milho Kg,"De R$ 18,90 por","R$ 12,90 kg",Web Scraping,Rena
Uva Vitoria S/Semente 450g,"De R$ 11,99 por","R$ 9,98 un",Web Scraping,Rena
Linguica Rena Frango C/Provolone Kg,"De R$ 28,99 por","R$ 27,99 kg",Web Scraping,Rena
Frango Passarinho Rena Kg Temp.,"De R$ 19,99 por","R$ 17,99 kg",Web Scraping,Rena
Adoçante Líquido Magro Frasco 200ml,"De R$ 12,49 por","R$ 11,99 un",Web Scraping,Rena
Cerveja Pilsen Itaipava Lata 473ml,"De R$ 3,49 por","R$ 3,38 un",Web Scraping,Rena
Limpador Cremoso Cif Original 450ml,"De R$ 14,61 por","R$ 13,99 un",Web Scraping,Rena
Whisky Escocês Blended Double Black Johnnie Walker Garrafa 1l,"De R$ 249,90 por","R$ 221,90 un",Web Scraping,Rena
Salame Defumado Tipo Italiano Seara Fatiado 100g,"De R$ 14,89 por","R$ 9,99 un",Web Scraping,Rena
Arroz Tipo 1 Codil 5kg,"De R$ 29,98 por","R$ 28,69 un",Web Scraping,Rena
Cotonete Johnson & Johnson 75 Unid,"De R$ 7,79 por","R$ 6,99 un",Web Scraping,Rena
Vinho Chileno Tinto Meio Seco Reservado Santa Carolina Cabernet Sauvignon Valle Central Garrafa 750ml,"De R$ 31,35 por","R$ 26,99 un",Web Scraping,Rena
Espumante Brasileiro Branco Brut Reserve Chandon Chardonnay Pinot Noir Riesling Itálico Serra Gaúcha Garrafa 750ml,"De R$ 94,99 por","R$ 89,99 un",Web Scraping,Rena
Iogurte Trevinho Ball Morango Com Confeitos 130g,"De R$ 5,69 por","R$ 3,99 un",Web Scraping,Rena
Hot Hit Seara X-Picanha Com Ketchup 145g,"De R$ 6,99 por","R$ 5,99 un",Web Scraping,Rena
Pack Leite Fermentado Desnatado Chamyto Frasco 450g 6 Unidades,"De R$ 8,49 por","R$ 7,49 un",Web Scraping,Rena
Isotônico Powerade Frutas Vermelhas 500 Ml,"De R$ 4,59 por","R$ 4,29 un",Web Scraping,Rena
Feijao Carioca Codil Premium 1kg,"De R$ 7,79 por","R$ 7,29 un",Web Scraping,Rena
Refrigerante Guaraná Kuat Garrafa 2l,"De R$ 5,99 por","R$ 4,99 un",Web Scraping,Rena
Ketchup Hellmann'S Tradicional 380g,"De R$ 13,49 por","R$ 8,99 un",Web Scraping,Rena
Água Tônica Antarctica Zero Açúcar 350 Ml,"De R$ 3,99 por","R$ 3,79 un",Web Scraping,Rena
Espumante Perini 750ml Moscatel Aquare,"De R$ 59,90 por","R$ 49,99 un",Web Scraping,Rena
Saponáceo Cremoso Multiuso Laranja Cif Squeeze 450ml,"De R$ 14,61 por","R$ 13,99 un",Web Scraping,Rena
Espumante Perini 750ml Brut Rose,"De R$ 69,99 por","R$ 49,99 un",Web Scraping,Rena
Vinho Brasileiro Classic Cabernet Sauv Tinto 750ml Marca: Salton,"De R$ 36,99 por","R$ 29,99 un",Web Scraping,Rena
Whisky Escocês Blended Gold Label Reserve Johnnie Walker Garrafa 750ml,"De R$ 349,90 por","R$ 281,90 un",Web Scraping,Rena
Pão Bisnaguinha Tradicional Zero Lactose Pullman Bisnaguito Pacote 300g,"De R$ 9,89 por","R$ 6,99 un",Web Scraping,Rena
Vinho Chileno Tinto Seco Reserva Casillero Del Diablo Merlot Valle Central Garrafa 750ml,"De R$ 59,85 por","R$ 49,99 un",Web Scraping,Rena
Apresuntado Perdigao Kg,"De R$ 26,49 por","R$ 20,99 kg",Web Scraping,Rena
Vinho Chileno Branco Seco Reserva Casillero Del Diablo Chardonnay Garrafa 750ml,"De R$ 64,99 por","R$ 49,99 un",Web Scraping,Rena
Tempero Pó Para Legumes Kitano Pacote 60g 12 Unidades,"De R$ 3,99 por","R$ 3,49 un",Web Scraping,Rena
Bala Fini Gelatinas Bananas 100g,"De R$ 8,99 por","R$ 6,99 un",Web Scraping,Rena
Bala Fini Minhoca Cítrica 100g,"De R$ 8,99 por","R$ 6,99 un",Web Scraping,Rena
Bala Fini Minhoca Brilho 100g,"De R$ 8,99 por","R$ 6,99 un",Web Scraping,Rena
Bala Fini Tubes Morango Cítrico 80g,"De R$ 8,99 por","R$ 6,99 un",Web Scraping,Rena
Bala Fini Tubes Morango 80g,"De R$ 8,99 por","R$ 6,99 un",Web Scraping,Rena
Whisky Escocês Blended Finest Ballantine'S Garrafa 750ml,Preço não disponível,"R$ 64,99 un",Web Scraping,Rena
Vodka Destilada Absolut Garrafa 750ml,Preço não disponível,"R$ 72,99 un",Web Scraping,Rena
Batata Inglesa,Preço não disponível,"R$ 3,98 kg",Web Scraping,Rena
Vinho Chileno Tinto Meio Seco Reservado Santa Carolina Carménère Valle Central Garrafa 750ml,"De R$ 32,99 por","R$ 26,99 un",Web Scraping,Rena
Toalha de Papel Snob Branca Pacote Com 2 Rolos,"De R$ 6,99 por","R$ 5,98 un",Web Scraping,Rena
Vinho Chileno Rosé Meio Seco Reservado Santa Carolina Cabernet Sauvignon Valle Central Garrafa 750ml,"De R$ 31,35 por","R$ 26,99 un",Web Scraping,Rena
"Wafer Oreo Cobertura Chocolate Branco Lacta Bis Pacote 100,8g","De R$ 6,49 por","R$ 5,29 un",Web Scraping,Rena
"Lava-Roupas Concentrado Ariel Expert Frasco 1,2l","De R$ 31,98 por","R$ 27,99 un",Web Scraping,Rena
Pao Rena Mandioquinha Kg,"De R$ 39,99 por","R$ 12,90 kg",Web Scraping,Rena
Aveia Em Flocos Yoki Caixa 170g,Preço não disponível,"R$ 4,99 un",Web Scraping,Rena
Aveia Em Flocos Finos Yoki Caixa 170g,Preço não disponível,"R$ 4,99 un",Web Scraping,Rena
Iogurte Polpa Trevinho Ball Bolão 130g,"De R$ 5,69 por","R$ 3,99 un",Web Scraping,Rena
Iogurte Trevinho Ball Preto Branco 130g,"De R$ 5,69 por","R$ 3,99 un",Web Scraping,Rena
Gin Tanqueray 750ml,"De R$ 129,99 por","R$ 113,90 un",Web Scraping,Rena
Cerveja Wäls X Wäls Pilsen 600ml,"De R$ 13,99 por","R$ 10,99 un",Web Scraping,Rena
Bebida Energetica Jack Power 2lt,"De R$ 8,49 por","R$ 7,49 un",Web Scraping,Rena
Vinho Ch As3 Cab 750ml,"De R$ 39,90 por","R$ 34,99 un",Web Scraping,Rena
Vinho Chileno Tinto Meio Seco Reservado Santa Carolina Merlot Valle Central Garrafa 750ml,"De R$ 31,35 por","R$ 26,99 un",Web Scraping,Rena
"Suco Uva Tinto Aliança Garrafa 1,5l","De R$ 23,98 por","R$ 21,49 un",Web Scraping,Rena
Linguica Perdigao Kg Churrasco Mist,"De R$ 19,65 por","R$ 15,98 kg",Web Scraping,Rena
Mortadela Seara Kg Defumada Fatiada,"De R$ 23,98 por","R$ 16,99 kg",Web Scraping,Rena
Antitranspirante Aerossol Sensitive Protect Nivea Men 150ml,"De R$ 14,99 por","R$ 12,99 un",Web Scraping,Rena
Fondue de Chocolate Ao Leite São Vicente Caixa 250g,"De R$ 37,49 por","R$ 13,99 un",Web Scraping,Rena
Multi-Inseticida Aerossol Sbp Frasco 380ml Embalagem Econômica,"De R$ 22,99 por","R$ 16,99 un",Web Scraping,Rena
Espumante Brasileiro Branco Terroir Brut Santa Colina Chardonnay Riesling Pinot Noir Campanha Garrafa 750ml,"De R$ 42,99 por","R$ 34,99 un",Web Scraping,Rena
Linguica Rena Suina C/Bacon Kg,"De R$ 28,99 por","R$ 27,99 kg",Web Scraping,Rena
Cerveja Amstel 473ml,"De R$ 4,99 por","R$ 4,49 un",Web Scraping,Rena
Vinho Brasileiro Salton Classic Merlot Tinto 750ml,"De R$ 36,99 por","R$ 29,99 un",Web Scraping,Rena
Cappuccino Solúvel Classic 3 Corações Pote 200g,"De R$ 16,99 por","R$ 15,99 un",Web Scraping,Rena
Coxa/Sobrecoxa Congelado Kg,"De R$ 10,49 por","R$ 8,98 kg",Web Scraping,Rena
Antitranspirante Aerossol Nivea Pearl & Beauty 150ml,"De R$ 14,99 por","R$ 12,99 un",Web Scraping,Rena
Vinho Chileno Tinto Seco Reserva Casillero Del Diablo Malbec Valle Central Garrafa 750ml,"De R$ 59,85 por","R$ 49,99 un",Web Scraping,Rena
Azeitona La Violetera Verde Com Caroço 500g,"De R$ 19,99 por","R$ 16,99 un",Web Scraping,Rena
Lombo Suino Aparado,"De R$ 26,99 por","R$ 24,99 kg",Web Scraping,Rena
"Tempero Pó Para Carnes Cebola, Alho E Orégano Mais Sabor Kitano Pacote 60g 12 Unidades","De R$ 3,99 por","R$ 3,49 un",Web Scraping,Rena
Isotônico Powerade Uva 500ml,"De R$ 4,59 por","R$ 4,29 un",Web Scraping,Rena
Vinho Português Branco Doce Sweet Casal Garcia Arinto Azal Loureiro Vinho Verde Garrafa 750ml,"De R$ 64,99 por","R$ 58,99 un",Web Scraping,Rena
Chicken Bits Rezende 1kg,"De R$ 21,49 por","R$ 18,99 un",Web Scraping,Rena
Pão de Forma Tradicional Pullman Pacote 480g,"De R$ 9,89 por","R$ 6,99 un",Web Scraping,Rena
Vinho Chileno Branco Meio Seco Reservado Santa Carolina Chardonnay Valle Central Garrafa 750ml,"De R$ 31,35 por","R$ 26,99 un",Web Scraping,Rena
Vinho Chil.Santa Carolina 750ml Reservado Cabernet Sauvignon Carmeere Tinto Meio Seco,"De R$ 31,35 por","R$ 26,99 un",Web Scraping,Rena
Vinho Chileno Tinto Seco Reserva Casillero Del Diablo Carménère Valle Central Garrafa 750ml,"De R$ 59,85 por","R$ 49,99 un",Web Scraping,Rena
Biscoito Cookie Original Bauducco Pacote 100g,"De R$ 5,99 por","R$ 4,49 un",Web Scraping,Rena
Biscoito Cookie Chocolate Com Gotas de Chocolate Hershey'S Bauducco Pacote 100g,"De R$ 5,99 por","R$ 4,49 un",Web Scraping,Rena
Lava Roupas Uau 3lt Active,"De R$ 28,49 por","R$ 24,90 un",Web Scraping,Rena
Tempero Kitano Mais Sabor Saladas 60g,"De R$ 3,99 por","R$ 3,49 un",Web Scraping,Rena
Vinho Chileno Branco Seco Reservado Santa Carolina Sauvignon Blanc Valle Central Garrafa 750ml,"De R$ 31,35 por","R$ 26,99 un",Web Scraping,Rena
"Tempero Pó Para Feijão Cebola, Louro E Bacon Mais Sabor Kitano Pacote 60g 12 Unidades","De R$ 3,99 por","R$ 3,49 un",Web Scraping,Rena
Cappuccino Solúvel Baunilha 3 Corações Pote 200g,"De R$ 16,99 por","R$ 15,99 un",Web Scraping,Rena
Vinho Chileno Rosé Seco Reserva Casillero Del Diablo Garrafa 750ml,"De R$ 64,99 por","R$ 49,99 un",Web Scraping,Rena
Racao Vittamax 1kg Natural Peq. Porte,"De R$ 26,79 por","R$ 24,99 un",Web Scraping,Rena
Antitranspirante Aerossol Nivea Men Invisible For Black & White Fresh 150ml,"De R$ 14,99 por","R$ 12,99 un",Web Scraping,Rena
Bala Fini Beijos Morango 100g,"De R$ 8,99 por","R$ 6,99 un",Web Scraping,Rena
Cerveja Puro Malte Petra Origem Lata 350ml,"De R$ 3,89 por","R$ 3,18 un",Web Scraping,Rena
Vinho Del Grano Gold 1lt Niagara Tinto Seco,"De R$ 23,90 por","R$ 22,99 un",Web Scraping,Rena
Vinho Del Grano Gold 1lt Niagara Tinto Suave,"De R$ 23,90 por","R$ 22,99 un",Web Scraping,Rena
Água de Coco Esterilizada Puro Coco Caixa 1l,"De R$ 12,99 por","R$ 10,99 un",Web Scraping,Rena
Multi-Inseticida Aerossol Óleo de Citronela Sbp Frasco 380ml Embalagem Econômica,"De R$ 22,99 por","R$ 16,99 un",Web Scraping,Rena
Multi-Inseticida Aerossol Óleo de Eucalipto Sbp Frasco 380ml Embalagem Econômica,"De R$ 22,99 por","R$ 16,99 un",Web Scraping,Rena
Bisc.Rena Queijo Kg,Preço não disponível,"R$ 34,90 kg",Web Scraping,Rena
Água Saborizada Com Gás Frutas Vermelhas Crystal Sabores Garrafa 510ml,"De R$ 2,79 por","R$ 2,59 un",Web Scraping,Rena
Água Saborizada Com Gás Limão Crystal Sabores Garrafa 510ml,"De R$ 2,79 por","R$ 2,59 un",Web Scraping,Rena
Lombo Suino Recheado Rena,Preço não disponível,"R$ 31,98 kg",Web Scraping,Rena
Racao Kitekat Adulto Sache 70g Carne,"De R$ 3,19 por","R$ 2,69 un",Web Scraping,Rena
Racao Kitekat Adulto Sache 70g Frango,"De R$ 3,19 por","R$ 2,69 un",Web Scraping,Rena
Alimento Para Gatos Adultos Peixe Ao Molho Kitekat Sachê 70g,"De R$ 3,19 por","R$ 2,69 un",Web Scraping,Rena
Desodorante Aerossol Nivea Fresh Natural 150ml,"De R$ 14,99 por","R$ 12,99 un",Web Scraping,Rena
Espumante Brasileiro Branco Terroir Santa Colina Moscatel Campanha Garrafa 750ml,"De R$ 42,99 por","R$ 34,99 un",Web Scraping,Rena
Filtrado Doce Brasileiro Branco Del Sole Garrafa 660ml,Preço não disponível,"R$ 14,99 un",Web Scraping,Rena
Filtrado Doce Brasileiro Rosé Del Sole Garrafa 660ml,Preço não disponível,"R$ 14,99 un",Web Scraping,Rena
"Desinfetante Uso Geral Original Pinho Sol Frasco 1,75l Tamanho Econômico","De R$ 29,75 por","R$ 23,99 un",Web Scraping,Rena
File Peito Frango Avivar Desf.Temp. 400g,Preço não disponível,"R$ 13,59 un",Web Scraping,Rena
Macarrão de Sêmola Com Ovos Ave Maria Renata Pacote 500g,"De R$ 4,19 por","R$ 3,89 un",Web Scraping,Rena
Macarrão de Sêmola Com Ovos Padre Nosso Renata Pacote 500g,"De R$ 4,19 por","R$ 3,89 un",Web Scraping,Rena
Macarrão de Sêmola Com Ovos Penne Renata Pacote 500g,"De R$ 4,19 por","R$ 3,89 un",Web Scraping,Rena
Macarrão de Sêmola Com Ovos Parafuso Renata Pacote 500g,"De R$ 4,19 por","R$ 3,89 un",Web Scraping,Rena
Macarrão de Sêmola Com Ovos Parafusinho Renata Pacote 500g,"De R$ 4,19 por","R$ 3,89 un",Web Scraping,Rena
Macarrão de Sêmola Com Ovos Nhoque Renata Pacote 500g,"De R$ 4,19 por","R$ 3,89 un",Web Scraping,Rena
Macarrão de Sêmola Com Ovos Caracolino Renata Pacote 500g,"De R$ 4,19 por","R$ 3,89 un",Web Scraping,Rena
Macarrão de Sêmola Com Ovos Espaguetinho 9 Renata Pacote 500g,"De R$ 4,49 por","R$ 3,89 un",Web Scraping,Rena
Macarrão de Sêmola Com Ovos Espaguete 8 Renata Pacote 500g,"De R$ 4,49 por","R$ 3,89 un",Web Scraping,Rena
Macarrão de Sêmola Com Ovos Fidelinho 10 Renata Pacote 500g,"De R$ 4,49 por","R$ 3,89 un",Web Scraping,Rena
Macarrão de Sêmola Com Ovos Linguine Renata Pacote 500g,"De R$ 4,49 por","R$ 3,89 un",Web Scraping,Rena
Macarrão de Sêmola Com Ovos Fettuccine Renata Pacote 500g,"De R$ 4,49 por","R$ 3,89 un",Web Scraping,Rena
Iogurte Grego Apreciare Zero Lactose Trisabor 540g,"De R$ 13,29 por","R$ 6,99 un",Web Scraping,Rena
Vinho Chileno Tinto Meio Seco Reservado Santa Carolina Shiraz Valle Central Garrafa 750ml,"De R$ 31,35 por","R$ 26,99 un",Web Scraping,Rena
Vinho Chileno Tinto Meio Seco Reservado Santa Carolina Malbec Valle Central Garrafa 750ml,"De R$ 32,99 por","R$ 26,99 un",Web Scraping,Rena
Lava-Roupas Líquido Rosas & Sedução Uau Perfumes Frasco 3l,"De R$ 28,49 por","R$ 24,90 un",Web Scraping,Rena
Bombom Garoto Garotices Caixa 250g,"De R$ 12,89 por","R$ 11,98 un",Web Scraping,Rena
Massa Pastel Pastaninna 500g Media,Preço não disponível,"R$ 8,99 un",Web Scraping,Rena
Massa Pastel Pastaninna 500g Pequena,Preço não disponível,"R$ 8,99 un",Web Scraping,Rena
Massa Pastel Pastaninna 500g Grande,Preço não disponível,"R$ 8,99 un",Web Scraping,Rena
Massa Pastel Pastaninna 500g Rolo,Preço não disponível,"R$ 8,99 un",Web Scraping,Rena
Sorvete Toc Frio Pote 1l Flocos,"De R$ 17,99 por","R$ 12,99 un",Web Scraping,Rena
Sorvete Toc Frio Pote 1l Napoli,"De R$ 17,99 por","R$ 12,99 un",Web Scraping,Rena
Antitranspirante Aerossol Nivea Dry Comfort Plus 150ml,"De R$ 14,99 por","R$ 12,99 un",Web Scraping,Rena
Pizza Rena 460g Trad.Presunto,"De R$ 24,90 por","R$ 16,99 un",Web Scraping,Rena
Pizza Rena 460g Trad. Frango/Reque,"De R$ 24,90 por","R$ 16,99 un",Web Scraping,Rena
Hamburguer Sadia 56g Misto,"De R$ 1,39 por","R$ 1,09 un",Web Scraping,Rena
Vinho Argentino Branco Meio Seco Reserve Trivento White Malbec Mendoza Garrafa 750ml,"De R$ 79,90 por","R$ 49,99 un",Web Scraping,Rena
"Iogurte Parcialmente Desnatado Mamão, Maçã, Banana E Cereais Neston 3 Cereais Garrafa 850g","De R$ 16,98 por","R$ 11,99 un",Web Scraping,Rena
"Iogurte Parcialmente Desnatado Mamão, Maçã, Banana E Cereais Neston Frasco 170g","De R$ 4,29 por","R$ 2,99 un",Web Scraping,Rena
Vinho Chileno Santa Carolina Tinto Suave 750ml,"De R$ 32,99 por","R$ 26,99 un",Web Scraping,Rena
Vinho Chileno Sta Carolina Branco Suave 7ooml,"De R$ 32,99 por","R$ 26,99 un",Web Scraping,Rena
Batata Palha Tradicional Yoki Sachê 105g,"De R$ 9,99 por","R$ 8,98 un",Web Scraping,Rena
Batata Palha Extrafina Yoki Sachê 100g,"De R$ 9,29 por","R$ 8,98 un",Web Scraping,Rena
Batata Palha Extrafina Cebola E Salsa Yoki Sachê 100g,"De R$ 9,29 por","R$ 8,98 un",Web Scraping,Rena
Energético Jack Power Frutas Tropicais 2l,"De R$ 8,79 por","R$ 7,49 un",Web Scraping,Rena
Viinho Italiano Il Viaggio Rosso Tinto 750ml,"De R$ 39,90 por","R$ 36,99 un",Web Scraping,Rena
Viinho Italiano Il Viaggio Bianco Branco 750ml,"De R$ 39,90 por","R$ 36,99 un",Web Scraping,Rena
Arroz Amaral 5kg,"De R$ 26,49 por","R$ 25,99 un",Web Scraping,Rena
Chocolate Ao Leite Aerado Suflair Pacote 50g,"De R$ 5,49 por","R$ 4,98 un",Web Scraping,Rena
Milho Pipoca Codil 500g Premium,"De R$ 3,99 por","R$ 3,49 un",Web Scraping,Rena
Cerveja Puro Malte Petra Origem Lata 473ml,"De R$ 3,99 por","R$ 3,88 un",Web Scraping,Rena
Amendoim Codil 500g Branco,"De R$ 8,99 por","R$ 7,99 un",Web Scraping,Rena
Pizza Rena 460g Trad.Marguerita,"De R$ 24,90 por","R$ 16,99 un",Web Scraping,Rena
Pizza Rena 460g Trad.Mussarela,"De R$ 24,90 por","R$ 16,99 un",Web Scraping,Rena
Cerveja Lager Premium Puro Malte Heineken Lata 473ml,"De R$ 6,49 por","R$ 5,98 un",Web Scraping,Rena
Vinho Ital.Ricamo 750ml Bianco,"De R$ 40,75 por","R$ 35,99 un",Web Scraping,Rena
Vinho Ital.Ricamo 750ml Rosso,"De R$ 40,75 por","R$ 35,99 un",Web Scraping,Rena
Sorvete Toc Frio Pote 1l Chocolate,"De R$ 17,99 por","R$ 12,99 un",Web Scraping,Rena
Copo Termico Stanley 473ml S/Tampa Polar,"De R$ 149,90 por","R$ 134,99 un",Web Scraping,Rena
Copo Termico Stanley 473ml S/Tampa Guava,"De R$ 149,90 por","R$ 134,99 un",Web Scraping,Rena
Copo Termico Stanley 473ml S/Tampa Signal Orange,"De R$ 149,90 por","R$ 134,99 un",Web Scraping,Rena
Vinho Argentino Branco Seco Latitud 33º Sauvignon Blanc Mendonza Garrafa 750ml,Preço não disponível,"R$ 54,99 un",Web Scraping,Rena
Vinho Ital.Michelangelo 750ml Lambr Bianco,"De R$ 34,99 por","R$ 28,99 un",Web Scraping,Rena
Vinho Ital.Michelangelo 750ml Lambr Rosso,"De R$ 34,99 por","R$ 28,99 un",Web Scraping,Rena
Vinho Brasileiro Tinto Seco Reserva Aliança Cabernet Sauvignon Campanha Gaúcha Garrafa 750ml,"De R$ 36,99 por","R$ 32,99 un",Web Scraping,Rena
Refrigerante Guaraná Antarctica Garrafa 200ml,"De R$ 1,69 por","R$ 1,59 un",Web Scraping,Rena
Arroz Campineiro 5kg,Preço não disponível,"R$ 24,69 un",Web Scraping,Rena
Papel Higienico Cotton Neutro Folha Dupla Pague11 Leve 12 de 30m,"De R$ 20,79 por","R$ 16,98 un",Web Scraping,Rena
Bebida Energetica Jack Power 2lt S. Melancia,"De R$ 8,79 por","R$ 7,49 un",Web Scraping,Rena
Bebida Energetica Jack Power 2lt S. Coco/Acai,"De R$ 8,79 por","R$ 7,49 un",Web Scraping,Rena
Antitranspirante Aerossol Carvão Ativado Nivea Men Deep 150ml,"De R$ 14,99 por","R$ 12,99 un",Web Scraping,Rena
Hidratante Skala 400ml Oleo Argan,"De R$ 7,99 por","R$ 7,49 un",Web Scraping,Rena
Hidratante Skala 400ml Manteiga Karite,"De R$ 7,99 por","R$ 7,49 un",Web Scraping,Rena
Hidratante Skala 400ml Lavanda,"De R$ 7,99 por","R$ 7,49 un",Web Scraping,Rena
Hidratante Skala 400ml Erva Doce,"De R$ 7,99 por","R$ 7,49 un",Web Scraping,Rena
Hidratante Skala 400ml Aveia,"De R$ 7,99 por","R$ 7,49 un",Web Scraping,Rena
Hidratante Skala 400ml Amend.Doce,"De R$ 7,99 por","R$ 7,49 un",Web Scraping,Rena
Fio Dental Hillo Lv125/Pg100mt Ex.Fino,"De R$ 6,99 por","R$ 5,99 un",Web Scraping,Rena
Fio Dental Hillo 100mt,"De R$ 6,99 por","R$ 5,99 un",Web Scraping,Rena
Vinho Brasileiro Branco Seco Aliança Moscato Serra Gaúcha Garrafa 750ml,"De R$ 36,99 por","R$ 32,99 un",Web Scraping,Rena
Vinho Brasileiro Tinto Seco Reserva Aliança Merlot Campanha Gaúcha Garrafa 750ml,"De R$ 36,99 por","R$ 32,99 un",Web Scraping,Rena
Vinho Brasileiro Tinto Seco Aliança Pinot Noir Campanha Gaúcha Garrafa 750ml,"De R$ 36,99 por","R$ 32,99 un",Web Scraping,Rena
Vinho Brasileiro Tinto Seco Reserva Aliança Tannat Campanha Gaúcha Garrafa 750ml,"De R$ 36,99 por","R$ 32,99 un",Web Scraping,Rena
Espumante Contessa Milles.750ml Ex Dry,"De R$ 59,90 por","R$ 44,99 un",Web Scraping,Rena
Cerveja Lager Puro Malte Sem Glúten Amstel Ultra Garrafa 275ml,"De R$ 4,89 por","R$ 4,69 un",Web Scraping,Rena
Espumante Brasileiro Rosé Brut Santa Colina Chardonnay Pinot Noir Campanha Garrafa 750ml,"De R$ 42,99 por","R$ 34,99 un",Web Scraping,Rena
Copo Termico Invicta 500ml Matte Preto,"De R$ 99,90 por","R$ 89,99 un",Web Scraping,Rena
Copo Termico Invicta 500ml Matte Branco,"De R$ 99,90 por","R$ 89,99 un",Web Scraping,Rena
Copo Termico Invicta 500ml Inox Escovado,"De R$ 99,90 por","R$ 89,99 un",Web Scraping,Rena
Copo Termico Invicta 500ml Matte Vermelho,"De R$ 99,90 por","R$ 89,99 un",Web Scraping,Rena
Deterg.Liq.Odd 500ml Clear,Preço não disponível,"R$ 2,29 un",Web Scraping,Rena
Deterg Líquido Odd Neutro 500ml,Preço não disponível,"R$ 2,29 un",Web Scraping,Rena
Detergente Limppano Odd Coco 500ml,Preço não disponível,"R$ 2,29 un",Web Scraping,Rena
Lava Loucas Odd Original 500ml,Preço não disponível,"R$ 2,29 un",Web Scraping,Rena
Iogurte Morango + Vitamina de Frutas Nestlé Bandeja 510g 6 Unidades,"De R$ 6,99 por","R$ 5,99 un",Web Scraping,Rena
Iogurte Nestlé 510g Neston Morango Maçã E Banana 6 Unidades,"De R$ 9,39 por","R$ 7,99 un",Web Scraping,Rena
Vinho Del Grano 1lt Gold Bordo Rose Suave,"De R$ 23,90 por","R$ 22,99 un",Web Scraping,Rena
Espumante Brasileiro Rosé Santa Colina Moscatel Campanha Garrafa 750ml,"De R$ 42,99 por","R$ 34,99 un",Web Scraping,Rena
Fraldinha Supremo Dia A Dia Kg,"De R$ 46,99 por","R$ 42,98 kg",Web Scraping,Rena
Bebida Mista Alcoólica Gaseificada Limão Cabaré Ice Lata 269ml,Preço não disponível,"R$ 5,98 un",Web Scraping,Rena
Cerveja Puro Malte Itaipava Lata 473ml,"De R$ 3,89 por","R$ 3,58 un",Web Scraping,Rena
Copo Termico Stanley 473ml S/Tampa Lagoon,"De R$ 149,90 por","R$ 134,99 un",Web Scraping,Rena
Copo Termico Stanley 473ml S/Tampa Red,"De R$ 149,90 por","R$ 134,99 un",Web Scraping,Rena
Macarrão Instantâneo Lámen Galinha Caipira Renata Express Pacote 85g,"De R$ 1,39 por","R$ 1,29 un",Web Scraping,Rena
Macarrão Instantâneo Lámen Galinha Renata Express Pacote 85g,"De R$ 1,39 por","R$ 1,29 un",Web Scraping,Rena
Macarrão Instantâneo Lámen Carne Renata Express Pacote 85g,"De R$ 1,39 por","R$ 1,29 un",Web Scraping,Rena
Macarrão Instantâneo Renata Legumes 85g,"De R$ 1,39 por","R$ 1,29 un",Web Scraping,Rena
Macarrão Instantâneo Lámen Carne Com Tomate Renata Express Pacote 85g,"De R$ 1,39 por","R$ 1,29 un",Web Scraping,Rena
Vinho Português Branco Meio Seco Casal Garcia Azal Loureiro Trajadura Vinho Verde Garrafa 750ml,"De R$ 64,99 por","R$ 58,99 un",Web Scraping,Rena
Refrigerante Guaraná Zero Açúcar Antarctica Garrafa 200ml,Preço não disponível,"R$ 1,59 un",Web Scraping,Rena
Absorvente Mili Proteção Discreta Suave Com Abas 16 Pague 14,"De R$ 9,99 por","R$ 8,99 un",Web Scraping,Rena
Amaciante Uau Concentrado Rosas E Seducao 1l,Preço não disponível,"R$ 11,99 un",Web Scraping,Rena
Amaciante Uau 1lt Perf.Concentrado Flores Sonho,Preço não disponível,"R$ 11,99 un",Web Scraping,Rena
Vinho Ital.Negroamaro 750ml Puglia,"De R$ 49,99 por","R$ 46,99 un",Web Scraping,Rena
Vinho Ital.Italy`Swine 750ml Negro Amaro Primitivo,"De R$ 49,99 por","R$ 46,99 un",Web Scraping,Rena
Biscoito Leite Aymoré Pacote 345g,"De R$ 6,49 por","R$ 4,99 un",Web Scraping,Rena
Cerveja Laut Beer 473 Ml Pilsen,"De R$ 4,39 por","R$ 3,99 un",Web Scraping,Rena
Bacon Saudali 200g Cubos,"De R$ 7,99 por","R$ 6,99 un",Web Scraping,Rena
Amaciante de Roupa Concentrado Carinho E Conforto Uau Perfumes Frasco 1l,Preço não disponível,"R$ 11,99 un",Web Scraping,Rena
"Alimento Para Cães Adultos 12 Meses A 7 Anos Carne, Frango E Cereais Pedigree Pacote 900g","De R$ 29,98 por","R$ 24,99 un",Web Scraping,Rena
Ração Para Cães Pedigree Vital Pro Raças Pequenas 900g,"De R$ 25,99 por","R$ 24,99 un",Web Scraping,Rena
Alimento Para Cães Adultos 12 Meses A 7 Anos Carne E Vegetais Pedigree Pacote 900g,"De R$ 29,98 por","R$ 24,99 un",Web Scraping,Rena
Bebida Energetica Jack Power 2lt Tonica,"De R$ 8,89 por","R$ 7,49 un",Web Scraping,Rena
Biscoito Água E Sal Aymoré Pacote 345g,"De R$ 6,39 por","R$ 4,99 un",Web Scraping,Rena
Biscoito Cream Cracker Aymoré Pacote 345g,"De R$ 7,39 por","R$ 4,99 un",Web Scraping,Rena
Cerveja Pilsen Itaipava Lata 550ml,"De R$ 4,69 por","R$ 3,98 un",Web Scraping,Rena
Refresco Em Pó Uva Tang Pacote 18g,"De R$ 1,39 por","R$ 1,18 un",Web Scraping,Rena
Refresco Em Pó Tangerina Tang Pacote 18g,"De R$ 1,39 por","R$ 1,18 un",Web Scraping,Rena
Refresco Em Pó Manga Tang Pacote 18g,"De R$ 1,39 por","R$ 1,18 un",Web Scraping,Rena
Refresco Em Pó Limão Tang Pacote 18g,"De R$ 1,39 por","R$ 1,18 un",Web Scraping,Rena
Refresco Em Pó Guananá Tang Pacote 18g,"De R$ 1,39 por","R$ 1,18 un",Web Scraping,Rena
Refresco Em Pó Goiaba Tang Pacote 18g,"De R$ 1,39 por","R$ 1,18 un",Web Scraping,Rena
